,Treino,Validação
MSE,18.724113305465664,18.940536013141017
RMSE,4.327136848479103,4.3520726111981425
MAE,3.1961216404846433,3.22362433834858
R2,0.6597857630787982,0.6669565164300577
